ROC-AUC,F1 Score
0.6980359278480694,0.2837837837837838
