ROC-AUC,F1 Score
0.7730750446161722,0.4097189137684611
