ROC-AUC,F1 Score
0.8250934479544533,0.48963186261076097
