ROC-AUC,F1 Score
0.6767655646417297,0.1713925645872716
