ROC-AUC,F1 Score
0.6672130996458745,0.20083682008368203
