ROC-AUC,F1 Score
0.7949112452924213,0.4611406844106464
